TargetID,Sequence
hsa6095,MESAPAAPDPAASEPGSSGADAAAGSRETPLNQESARKSEPPAPVRRQSYSSTSRGISVTKKTHTSQIEIIPCKICGDKSSGIHYGVITCEGCKGFFRRSQQSNATYSCPRQKNCLIDRTSRNRCQHCRLQKCLAVGMSRDAVKFGRMSKKQRDSLYAEVQKHRMQQQQRDHQQQPGEAEPLTPTYNISANGLTELHDDLSNYIDGHTPEGSKADSAVSSFYLDIQPSPDQSGLDINGIKPEPICDYTPASGFFPYCSFTNGETSPTVSMAELEHLAQNISKSHLETCQYLREELQQITWQTFLQEEIENYQNKQREVMWQLCAIKITEAIQYVVEFAKRIDGFMELCQNDQIVLLKAGSLEVVFIRMCRAFDSQNNTVYFDGKYASPDVFKSLGCEDFISFVFEFGKSLCSMHLTEDEIALFSAFVLMSADRSWLQEKVKIEKLQQKIQLALQHVLQKNHREDGILTKLICKVSTLRALCGRHTEKLMAFKAIYPDIVRLHFPPLYKELFTSEFEPAMQIDG
hsa2099,MTMTLHTKASGMALLHQIQGNELEPLNRPQLKIPLERPLGEVYLDSSKPAVYNYPEGAAYEFNAAAAANAQVYGQTGLPYGPGSEAAAFGSNGLGGFPPLNSVSPSPLMLLHPPPQLSPFLQPHGQQVPYYLENEPSGYTVREAGPPAFYRPNSDNRRQGGRERLASTNDKGSMAMESAKETRYCAVCNDYASGYHYGVWSCEGCKAFFKRSIQGHNDYMCPATNQCTIDKNRRKSCQACRLRKCYEVGMMKGGIRKDRRGGRMLKHKRQRDDGEGRGEVGSAGDMRAANLWPSPLMIKRSKKNSLALSLTADQMVSALLDAEPPILYSEYDPTRPFSEASMMGLLTNLADRELVHMINWAKRVPGFVDLTLHDQVHLLECAWLEILMIGLVWRSMEHPGKLLFAPNLLLDRNQGKCVEGMVEIFDMLLATSSRFRMMNLQGEEFVCLKSIILLNSGVYTFLSSTLKSLEEKDHIHRVLDKITDTLIHLMAKAGLTLQQQHQRLAQLLLILSHIRHMSNKGMEHLYSMKCKNVVPLYDLLLEMLDAHRLHAPTSRGGASVEETDQSHLATAGSTSSHSLQKYYITGEAEGFPATV
hsa5241,MTELKAKGPRAPHVAGGPPSPEVGSPLLCRPAAGPFPGSQTSDTLPEVSAIPISLDGLLFPRPCQGQDPSDEKTQDQQSLSDVEGAYSRAEATRGAGGSSSSPPEKDSGLLDSVLDTLLAPSGPGQSQPSPPACEVTSSWCLFGPELPEDPPAAPATQRVLSPLMSRSGCKVGDSSGTAAAHKVLPRGLSPARQLLLPASESPHWSGAPVKPSPQAAAVEVEEEDGSESEESAGPLLKGKPRALGGAAAGGGAAAVPPGAAAGGVALVPKEDSRFSAPRVALVEQDAPMAPGRSPLATTVMDFIHVPILPLNHALLAARTRQLLEDESYDGGAGAASAFAPPRSSPCASSTPVAVGDFPDCAYPPDAEPKDDAYPLYSDFQPPALKIKEEEEGAEASARSPRSYLVAGANPAAFPDFPLGPPPPLPPRATPSRPGEAAVTAAPASASVSSASSSGSTLECILYKAEGAPPQQGPFAPPPCKAPGASGCLLPRDGLPSTSASAAAAGAAPALYPALGLNGLPQLGYQAAVLKEGLPQVYPPYLNYLRPDSEASQSPQYSFESLPQKICLICGDEASGCHYGVLTCGSCKVFFKRAMEGQHNYLCAGRNDCIVDKIRRKNCPACRLRKCCQAGMVLGGRKFKKFNKVRVVRALDAVALPQPVGVPNESQALSQRFTFSPGQDIQLIPPLINLLMSIEPDVIYAGHDNTKPDTSSSLLTSLNQLGERQLLSVVKWSKSLPGFRNLHIDDQITLIQYSWMSLMVFGLGWRSYKHVSGQMLYFAPDLILNEQRMKESSFYSLCLTMWQIPQEFVKLQVSQEEFLCMKVLLLLNTIPLEGLRSQTQFEEMRSSYIRELIKAIGLRQKGVVSSSQRFYQLTKLLDNLHDLVKQLHLYCLNTFIQSRALSVEFPEMMSEVIAAQLPKILAGMVKPLLFHKK
hsa367,MEVQLGLGRVYPRPPSKTYRGAFQNLFQSVREVIQNPGPRHPEAASAAPPGASLLLLQQQQQQQQQQQQQQQQQQQQQQQETSPRQQQQQQGEDGSPQAHRRGPTGYLVLDEEQQPSQPQSALECHPERGCVPEPGAAVAASKGLPQQLPAPPDEDDSAAPSTLSLLGPTFPGLSSCSADLKDILSEASTMQLLQQQQQEAVSEGSSSGRAREASGAPTSSKDNYLGGTSTISDNAKELCKAVSVSMGLGVEALEHLSPGEQLRGDCMYAPLLGVPPAVRPTPCAPLAECKGSLLDDSAGKSTEDTAEYSPFKGGYTKGLEGESLGCSGSAAAGSSGTLELPSTLSLYKSGALDEAAAYQSRDYYNFPLALAGPPPPPPPPHPHARIKLENPLDYGSAWAAAAAQCRYGDLASLHGAGAAGPGSGSPSAAASSSWHTLFTAEEGQLYGPCGGGGGGGGGGGGGGGGGGGGGGGEAGAVAPYGYTRPPQGLAGQESDFTAPDVWYPGGMVSRVPYPSPTCVKSEMGPWMDSYSGPYGDMRLETARDHVLPIDYYFPPQKTCLICGDEASGCHYGALTCGSCKVFFKRAAEGKQKYLCASRNDCTIDKFRRKNCPSCRLRKCYEAGMTLGARKLKKLGNLKLQEEGEASSTTSPTEETTQKLTVSHIEGYECQPIFLNVLEAIEPGVVCAGHDNNQPDSFAALLSSLNELGERQLVHVVKWAKALPGFRNLHVDDQMAVIQYSWMGLMVFAMGWRSFTNVNSRMLYFAPDLVFNEYRMHKSRMYSQCVRMRHLSQEFGWLQITPQEFLCMKALLLFSIIPVDGLKNQKFFDELRMNYIKELDRIIACKRKNPTSCSRRFYQLTKLLDSVQPIARELHQFTFDLLIKSHMVSVDFPEMMAEIISVQVPKILSGKVKPIYFHTQ
hsa2908,MDSKESLTPGREENPSSVLAQERGDVMDFYKTLRGGATVKVSASSPSLAVASQSDSKQRRLLVDFPKGSVSNAQQPDLSKAVSLSMGLYMGETETKVMGNDLGFPQQGQISLSSGETDLKLLEESIANLNRSTSVPENPKSSASTAVSAAPTEKEFPKTHSDVSSEQQHLKGQTGTNGGNVKLYTTDQSTFDILQDLEFSSGSPGKETNESPWRSDLLIDENCLLSPLAGEDDSFLLEGNSNEDCKPLILPDTKPKIKDNGDLVLSSPSNVTLPQVKTEKEDFIELCTPGVIKQEKLGTVYCQASFPGANIIGNKMSAISVHGVSTSGGQMYHYDMNTASLSQQQDQKPIFNVIPPIPVGSENWNRCQGSGDDNLTSLGTLNFPGRTVFSNGYSSPSMRPDVSSPPSSSSTATTGPPPKLCLVCSDEASGCHYGVLTCGSCKVFFKRAVEGQHNYLCAGRNDCIIDKIRRKNCPACRYRKCLQAGMNLEARKTKKKIKGIQQATTGVSQETSENPGNKTIVPATLPQLTPTLVSLLEVIEPEVLYAGYDSSVPDSTWRIMTTLNMLGGRQVIAAVKWAKAIPGFRNLHLDDQMTLLQYSWMFLMAFALGWRSYRQSSANLLCFAPDLIINEQRMTLPCMYDQCKHMLYVSSELHRLQVSYEEYLCMKTLLLLSSVPKDGLKSQELFDEIRMTYIKELGKAIVKREGNSSQNWQRFYQLTKLLDSMHEVVENLLNYCFQTFLDKTMSIEFPEMLAEIITNQIPKYSNGNIKKLLFHQK
hsa190,MAGENHQWQGSILYNMLMSAKQTRAAPEAPETRLVDQCWGCSCGDEPGVGREGLLGGRNVALLYRCCFCGKDHPRQGSILYSMLTSAKQTYAAPKAPEATLGPCWGCSCGSDPGVGRAGLPGGRPVALLYRCCFCGEDHPRQGSILYSLLTSSKQTHVAPAAPEARPGGAWWDRSYFAQRPGGKEALPGGRATALLYRCCFCGEDHPQQGSTLYCVPTSTNQAQAAPEERPRAPWWDTSSGALRPVALKSPQVVCEAASAGLLKTLRFVKYLPCFQVLPLDQQLVLVRNCWASLLMLELAQDRLQFETVEVSEPSMLQKILTTRRRETGGNEPLPVPTLQHHLAPPAEARKVPSASQVQAIKCFLSKCWSLNISTKEYAYLKGTVLFNPDVPGLQCVKYIQGLQWGTQQILSEHTRMTHQGPHDRFIELNSTLFLLRFINANVIAELFFRPIIGTVSMDDMMLEMLCTKI
hsa5914,MASNSSSCPTPGGGHLNGYPVPPYAFFFPPMLGGLSPPGALTTLQHQLPVSGYSTPSPATIETQSSSSEEIVPSPPSPPPLPRIYKPCFVCQDKSSGYHYGVSACEGCKGFFRRSIQKNMVYTCHRDKNCIINKVTRNRCQYCRLQKCFEVGMSKESVRNDRNKKKKEVPKPECSESYTLTPEVGELIEKVRKAHQETFPALCQLGKYTTNNSSEQRVSLDIDLWDKFSELSTKCIIKTVEFAKQLPGFTTLTIADQITLLKAACLDILILRICTRYTPEQDTMTFSDGLTLNRTQMHNAGFGPLTDLVFAFANQLLPLEMDDAETGLLSAICLICGDRQDLEQPDRVDMLQEPLLEALKVYVRKRRPSRPHMFPKMLMKITDLRSISAKGAERVITLKMEIPGSMPPLIQEMLENSEGLDTLSGQPGGGGRDGGGLAPPPGSCSPSLSPSSNRSSPATHSP
hsa5915,MTTSGHACPVPAVNGHMTHYPATPYPLLFPPVIGGLSLPPLHGLHGHPPPSGCSTPSPATIETQSTSSEELVPSPPSPLPPPRVYKPCFVCQDKSSGYHYGVSACEGCKGFFRRSIQKNMIYTCHRDKNCVINKVTRNRCQYCRLQKCFEVGMSKESVRNDRNKKKKETSKQECTESYEMTAELDDLTEKIRKAHQETFPSLCQLGKYTTNSSADHRVRLDLGLWDKFSELATKCIIKIVEFAKRLPGFTGLTIADQITLLKAACLDILILRICTRYTPEQDTMTFSDGLTLNRTQMHNAGFGPLTDLVFTFANQLLPLEMDDTETGLLSAICLICGDRQDLEEPTKVDKLQEPLLEALKIYIRKRRPSKPHMFPKILMKITDLRSISAKGAERVITLKMEIPGSMPPLIQEMLENSEGHEPLTPSSSGNTAEHSPSISPSSVENSGVSQSPLVQ
hsa5916,MATNKERLFAAGALGPGSGYPGAGFPFAFPGALRGSPPFEMLSPSFRGLGQPDLPKEMASLSVETQSTSSEEMVPSSPSPPPPPRVYKPCFVCNDKSSGYHYGVSSCEGCKGFFRRSIQKNMVYTCHRDKNCIINKVTRNRCQYCRLQKCFEVGMSKEAVRNDRNKKKKEVKEEGSPDSYELSPQLEELITKVSKAHQETFPSLCQLGKYTTNSSADHRVQLDLGLWDKFSELATKCIIKIVEFAKRLPGFTGLSIADQITLLKAACLDILMLRICTRYTPEQDTMTFSDGLTLNRTQMHNAGFGPLTDLVFAFAGQLLPLEMDDTETGLLSAICLICGDRMDLEEPEKVDKLQEPLLEALRLYARRRRPSQPYMFPRMLMKITDLRGISTKGAERAITLKMEIPGPMPPLIREMLENPEMFEDDSSQPGPHPNASSEDEVPGGQGKGGLKSPA
hsa6096,MCENQLKTKADATAQIEVIPCKICGDKSSGIHYGVITCEGCKGFFRRSQQNNASYSCPRQRNCLIDRTNRNRCQHCRLQKCLALGMSRDAVKFGRMSKKQRDSLYAEVQKHQQRLQEQRQQQSGEAEALARVYSSSISNGLSNLNNETSGTYANGHVIDLPKSEGYYNVDSGQPSPDQSGLDMTGIKQIKQEPIYDLTSVPNLFTYSSFNNGQLAPGITMTEIDRIAQNIIKSHLETCQYTMEELHQLAWQTHTYEEIKAYQSKSREALWQQCAIQITHAIQYVVEFAKRITGFMELCQNDQILLLKSGCLEVVLVRMCRAFNPLNNTVLFEGKYGGMQMFKALGSDDLVNEAFDFAKNLCSLQLTEEEIALFSSAVLISPDRAWLIEPRKVQKLQEKIYFALQHVIQKNHLDDETLAKLIAKIPTITAVCNLHGEKLQVFKQSHPEIVNTLFPPLYKELFNPDCATGCK
hsa6097,MDRAPQRQHRASRELLAAKKTHTSQIEVIPCKICGDKSSGIHYGVITCEGCKGFFRRSQRCNAAYSCTRQQNCPIDRTSRNRCQHCRLQKCLALGMSRDAVKFGRMSKKQRDSLHAEVQKQLQQRQQQQQEPVVKTPPAGAQGADTLTYTLGLPDGQLPLGSSPDLPEASACPPGLLKASGSGPSYSNNLAKAGLNGASCHLEYSPERGKAEGRESFYSTGSQLTPDRCGLRFEEHRHPGLGELGQGPDSYGSPSFRSTPEAPYASLTEIEHLVQSVCKSYRETCQLRLEDLLRQRSNIFSREEVTGYQRKSMWEMWERCAHHLTEAIQYVVEFAKRLSGFMELCQNDQIVLLKAGAMEVVLVRMCRAYNADNRTVFFEGKYGGMELFRALGCSELISSIFDFSHSLSALHFSEDEIALYTALVLINAHRPGLQEKRKVEQLQYNLELAFHHHLCKTHRQSILAKLPPKGKLRSLCSQHVERLQIFQHLHPIVVQAAFPPLYKELFSTETESPVGLSK
hsa6256,MDTKHFLPLDFSTQVNSSLTSPTGRGSMAAPSLHPSLGPGIGSPGQLHSPISTLSSPINGMGPPFSVISSPMGPHSMSVPTTPTLGFSTGSPQLSSPMNPVSSSEDIKPPLGLNGVLKVPAHPSGNMASFTKHICAICGDRSSGKHYGVYSCEGCKGFFKRTVRKDLTYTCRDNKDCLIDKRQRNRCQYCRYQKCLAMGMKREAVQEERQRGKDRNENEVESTSSANEDMPVERILEAELAVEPKTETYVEANMGLNPSSPNDPVTNICQAADKQLFTLVEWAKRIPHFSELPLDDQVILLRAGWNELLIASFSHRSIAVKDGILLATGLHVHRNSAHSAGVGAIFDRVLTELVSKMRDMQMDKTELGCLRAIVLFNPDSKGLSNPAEVEALREKVYASLEAYCKHKYPEQPGRFAKLLLRLPALRSIGLKCLEHLFFFKLIGDTPIDTFLMEMLEAPHQMT
hsa6257,MSWAARPPFLPQRHAAGQCGPVGVRKEMHCGVASRWRRRRPWLDPAAAAAAAVAGGEQQTPEPEPGEAGRDGMGDSGRDSRSPDSSSPNPLPQGVPPPSPPGPPLPPSTAPSLGGSGAPPPPPMPPPPLGSPFPVISSSMGSPGLPPPAPPGFSGPVSSPQINSTVSLPGGGSGPPEDVKPPVLGVRGLHCPPPPGGPGAGKRLCAICGDRSSGKHYGVYSCEGCKGFFKRTIRKDLTYSCRDNKDCTVDKRQRNRCQYCRYQKCLATGMKREAVQEERQRGKDKDGDGEGAGGAPEEMPVDRILEAELAVEQKSDQGVEGPGGTGGSGSSPNDPVTNICQAADKQLFTLVEWAKRIPHFSSLPLDDQVILLRAGWNELLIASFSHRSIDVRDGILLATGLHVHRNSAHSAGVGAIFDRVLTELVSKMRDMRMDKTELGCLRAIILFNPDAKGLSNPSEVEVLREKVYASLETYCKQKYPEQQGRFAKLLLRLPALRSIGLKCLEHLFFFKLIGDTPIDTFLMEMLEAPHQLA
hsa6258,MYGNYSHFMKFPAGYGGSPGHTGSTSMSPSAALSTGKPMDSHPSYTDTPVSAPRTLSAVGTPLNALGSPYRVITSAMGPPSGALAAPPGINLVAPPSSQLNVVNSVSSSEDIKPLPGLPGIGNMNYPSTSPGSLVKHICAICGDRSSGKHYGVYSCEGCKGFFKRTIRKDLIYTCRDNKDCLIDKRQRNRCQYCRYQKCLVMGMKREAVQEERQRSRERAESEAECATSGHEDMPVERILEAELAVEPKTESYGDMNMENSTNDPVTNICHAADKQLFTLVEWAKRIPHFSDLTLEDQVILLRAGWNELLIASFSHRSVSVQDGILLATGLHVHRSSAHSAGVGSIFDRVLTELVSKMKDMQMDKSELGCLRAIVLFNPDAKGLSNPSEVETLREKVYATLEAYTKQKYPEQPGRFAKLLLRLPALRSIGLKCLEHLFFFKLIGDTPIDTFLMEMLETPLQIT
hsa2100,MDIKNSPSSLNSPSSYNCSQSILPLEHGSIYIPSSYVDSHHEYPAMTFYSPAVMNYSIPSNVTNLEGGPGRQTTSPNVLWPTPGHLSPLVVHRQLSHLYAEPQKSPWCEARSLEHTLPVNRETLKRKVSGNRCASPVTGPGSKRDAHFCAVCSDYASGYHYGVWSCEGCKAFFKRSIQGHNDYICPATNQCTIDKNRRKSCQACRLRKCYEVGMVKCGSRRERCGYRLVRRQRSADEQLHCAGKAKRSGGHAPRVRELLLDALSPEQLVLTLLEAEPPHVLISRPSAPFTEASMMMSLTKLADKELVHMISWAKKIPGFVELSLFDQVRLLESCWMEVLMMGLMWRSIDHPGKLIFAPDLVLDRDEGKCVEGILEIFDMLLATTSRFRELKLQHKEYLCVKAMILLNSSMYPLVTATQDADSSRKLAHLLNAVTDALVWVIAKSGISSQQQSMRLANLLMLLSHVRHASNKGMEHLLNMKCKNVVPVYDLLLEMLNAHVLRGCKSSITGSECSPAEDSKSKEGSQNPQSQ
hsa7421,MEAMAASTSLPDPGDFDRNVPRICGVCGDRATGFHFNAMTCEGCKGFFRRSMKRKALFTCPFNGDCRITKDNRRHCQACRLKRCVDIGMMKEFILTDEEVQRKREMILKRKEEEALKDSLRPKLSEEQQRIIAILLDAHHKTYDPTYSDFCQFRPPVRVNDGGGSHPSRPNSRHTPSFSGDSSSSCSDHCITSSDMMDSSSFSNLDLSEEDSDDPSVTLELSQLSMLPHLADLVSYSIQKVIGFAKMIPGFRDLTSEDQIVLLKSSAIEVIMLRSNESFTMDDMSWTCGNQDYKYRVSDVTKAGHSLELIEPLIKFQVGLKKLNLHEEEHVLLMAICIVSPDRPGVQDAALIEAIQDRLSNTLQTYIRCRHPPPGSHLLYAKMIQKLADLRSLNEEHSKQYRCLSFQPECSMKLTPLVLEVFGNEIS
hsa8856,MEVRPKESWNHADFVHCEDTESVPGKPSVNADEEVGGPQICRVCGDKATGYHFNVMTCEGCKGFFRRAMKRNARLRCPFRKGACEITRKTRRQCQACRLRKCLESGMKKEMIMSDEAVEERRALIKRKKSERTGTQPLGVQGLTEEQRMMIRELMDAQMKTFDTTFSHFKNFRLPGVLSSGCELPESLQAPSREEAAKWSQVRKDLCSLKVSLQLRGEDGSVWNYKPPADSGGKEIFSLLPHMADMSTYMFKGIISFAKVISYFRDLPIEDQISLLKGAAFELCQLRFNTVFNAETGTWECGRLSYCLEDTAGGFQQLLLEPMLKFHYMLKKLQLHEEEYVLMQAISLFSPDRPGVLQHRVVDQLQEQFAITLKSYIECNRPQPAHRFLFLKIMAMLTELRSINAQHTQRLLRIQDIHPFATPLMQELFGITGS
hsa9971,MVMQFQGLENPIQISPHCSCTPSGFFMEMMSMKPAKGVLTEQVAGPLGQNLEVEPYSQYSNVQFPQVQPQISSSSYYSNLGFYPQQPEEWYSPGIYELRRMPAETLYQGETEVAEMPVTKKPRMGASAGRIKGDELCVVCGDRASGYHYNALTCEGCKGFFRRSITKNAVYKCKNGGNCVMDMYMRRKCQECRLRKCKEMGMLAECMYTGLLTEIQCKSKRLRKNVKQHADQTVNEDSEGRDLRQVTSTTKSCREKTELTPDQQTLLHFIMDSYNKQRMPQEITNKILKEEFSAEENFLILTEMATNHVQVLVEFTKKLPGFQTLDHEDQIALLKGSAVEAMFLRSAEIFNKKLPSGHSDLLEERIRNSGISDEYITPMFSFYKSIGELKMTQEEYALLTAIVILSPDRQYIKDREAVEKLQEPLLDVLQKLCKIHQPENPQHFACLLGRLTELRTFNHHHAEMLMSWRVNDHKFTPLLCEIWDVQ
hsa5465,MVDTESPLCPLSPLEAGDLESPLSEEFLQEMGNIQEISQSIGEDSSGSFGFTEYQYLGSCPGSDGSVITDTLSPASSPSSVTYPVVPGSVDESPSGALNIECRICGDKASGYHYGVHACEGCKGFFRRTIRLKLVYDKCDRSCKIQKKNRNKCQYCRFHKCLSVGMSHNAIRFGRMPRSEKAKLKAEILTCEHDIEDSETADLKSLAKRIYEAYLKNFNMNKVKARVILSGKASNNPPFVIHDMETLCMAEKTLVAKLVANGIQNKEAEVRIFHCCQCTSVETVTELTEFAKAIPGFANLDLNDQVTLLKYGVYEAIFAMLSSVMNKDGMLVAYGNGFITREFLKSLRKPFCDIMEPKFDFAMKFNALELDDSDISLFVAAIICCGDRPGLLNVGHIEKMQEGIVHVLRLHLQSNHPDDIFLFPKLLQKMADLRQLVTEHAQLVQIIKKTESDAALHPLLQEIYRDMY
hsa4306,METKGYHSLPEGLDMERRWGQVSQAVERSSLGPTERTDENNYMEIVNVSCVSGAIPNNSTQGSSKEKQELLPCLQQDNNRPGILTSDIKTELESKELSATVAESMGLYMDSVRDADYSYEQQNQQGSMSPAKIYQNVEQLVKFYKGNGHRPSTLSCVNTPLRSFMSDSGSSVNGGVMRAVVKSPIMCHEKSPSVCSPLNMTSSVCSPAGINSVSSTTASFGSFPVHSPITQGTPLTCSPNVENRGSRSHSPAHASNVGSPLSSPLSSMKSSISSPPSHCSVKSPVSSPNNVTLRSSVSSPANINNSRCSVSSPSNTNNRSTLSSPAASTVGSICSPVNNAFSYTASGTSAGSSTLRDVVPSPDTQEKGAQEVPFPKTEEVESAISNGVTGQLNIVQYIKPEPDGAFSSSCLGGNSKINSDSSFSVPIKQESTKHSCSGTSFKGNPTVNPFPFMDGSYFSFMDDKDYYSLSGILGPPVPGFDGNCEGSGFPVGIKQEPDDGSYYPEASIPSSAIVGVNSGGQSFHYRIGAQGTISLSRSARDQSFQHLSSFPPVNTLVESWKSHGDLSSRRSDGYPVLEYIPENVSSSTLRSVSTGSSRPSKICLVCGDEASGCHYGVVTCGSCKVFFKRAVEGQHNYLCAGRNDCIIDKIRRKNCPACRLQKCLQAGMNLGARKSKKLGKLKGIHEEQPQQQQPPPPPPPPQSPEEGTTYIAPAKEPSVNTALVPQLSTISRALTPSPVMVLENIEPEIVYAGYDSSKPDTAENLLSTLNRLAGKQMIQVVKWAKVLPGFKNLPLEDQITLIQYSWMCLSSFALSWRSYKHTNSQFLYFAPDLVFNEEKMHQSAMYELCQGMHQISLQFVRLQLTFEEYTIMKVLLLLSTIPKDGLKSQAAFEEMRTNYIKELRKMVTKCPNNSGQSWQRFYQLTKLLDSMHDLVSDLLEFCFYTFRESHALKVEFPAMLVEIISDQLPKVESGNAKPLYFHRK
hsa9970,MASREDELRNCVVCGDQATGYHFNALTCEGCKGFFRRTVSKSIGPTCPFAGSCEVSKTQRRHCPACRLQKCLDAGMRKDMILSAEALALRRAKQAQRRAQQTPVQLSKEQEELIRTLLGAHTRHMGTMFEQFVQFRPPAHLFIHHQPLPTLAPVLPLVTHFADINTFMVLQVIKFTKDLPVFRSLPIEDQISLLKGAAVEICHIVLNTTFCLQTQNFLCGPLRYTIEDGARVSPTVGFQVEFLELLFHFHGTLRKLQLQEPEYVLLAAMALFSPDRPGVTQRDEIDQLQEEMALTLQSYIKGQQRRPRDRFLYAKLLGLLAELRSINEAYGYQIQHIQGLSAMMPLLQEICS
hsa2101,MSSQVVGIEPLYIKAEPASPDSPKGSSETETEPPVALAPGPAPTRCLPGHKEEEDGEGAGPGEQGGGKLVLSSLPKRLCLVCGDVASGYHYGVASCEACKAFFKRTIQGSIEYSCPASNECEITKRRRKACQACRFTKCLRVGMLKEGVRLDRVRGGRQKYKRRPEVDPLPFPGPFPAGPLAVAGGPRKTAAPVNALVSHLLVVEPEKLYAMPDPAGPDGHLPAVATLCDLFDREIVVTISWAKSIPGFSSLSLSDQMSVLQSVWMEVLVLGVAQRSLPLQDELAFAEDLVLDEEGARAAGLGELGAALLQLVRRLQALRLEREEYVLLKALALANSDSVHIEDAEAVEQLREALHEALLEYEAGRAGPGGGAERRRAGRLLLTLPLLRQTAGKVLAHFYGVKLEGKVPMHKLFLEMLEAMMD
hsa2103,MSSDDRHLGSSCGSFIKTEPSSPSSGIDALSHHSPSGSSDASGGFGLALGTHANGLDSPPMFAGAGLGGTPCRKSYEDCASGIMEDSAIKCEYMLNAIPKRLCLVCGDIASGYHYGVASCEACKAFFKRTIQGNIEYSCPATNECEITKRRRKSCQACRFMKCLKVGMLKEGVRLDRVRGGRQKYKRRLDSESSPYLSLQISPPAKKPLTKIVSYLLVAEPDKLYAMPPPGMPEGDIKALTTLCDLADRELVVIIGWAKHIPGFSSLSLGDQMSLLQSAWMEILILGIVYRSLPYDDKLVYAEDYIMDEEHSRLAGLLELYRAILQLVRRYKKLKVEKEEFVTLKALALANSDSMYIEDLEAVQKLQDLLHEALQDYELSQRHEEPWRTGKLLLTLPLLRQTAAKAVQHFYSVKLQGKVPMHKLFLEMLEAKVGQEQLRGSPKDERMSSHDGKCPFQSAAFTSRDQSNSPGIPNPRPSSPTPLNERGRQISPSTRTPGGQGKHLWLTM
hsa2104,MDSVELCLPESFSLHYEEELLCRMSNKDRHIDSSCSSFIKTEPSSPASLTDSVNHHSPGGSSDASGSYSSTMNGHQNGLDSPPLYPSAPILGGSGPVRKLYDDCSSTIVEDPQTKCEYMLNSMPKRLCLVCGDIASGYHYGVASCEACKAFFKRTIQGNIEYSCPATNECEITKRRRKSCQACRFMKCLKVGMLKEGVRLDRVRGGRQKYKRRIDAENSPYLNPQLVQPAKKPYNKIVSHLLVAEPEKIYAMPDPTVPDSDIKALTTLCDLADRELVVIIGWAKHIPGFSTLSLADQMSLLQSAWMEILILGVVYRSLSFEDELVYADDYIMDEDQSKLAGLLDLNNAILQLVKKYKSMKLEKEEFVTLKAIALANSDSMHIEDVEAVQKLQDVLHEALQDYEAGQHMEDPRRAGKMLMTLPLLRQTSTKAVQHFYNIKLEGKVPMHKLFLEMLEAKV
hsa5468,MGETLGDSPIDPESDSFTDTLSANISQEMTMVDTEMPFWPTNFGISSVDLSVMEDHSHSFDIKPFTTVDFSSISTPHYEDIPFTRTDPVVADYKYDLKLQEYQSAIKVEPASPPYYSEKTQLYNKPHEEPSNSLMAIECRVCGDKASGFHYGVHACEGCKGFFRRTIRLKLIYDRCDLNCRIHKKSRNKCQYCRFQKCLAVGMSHNAIRFGRMPQAEKEKLLAEISSDIDQLNPESADLRALAKHLYDSYIKSFPLTKAKARAILTGKTTDKSPFVIYDMNSLMMGEDKIKFKHITPLQEQSKEVAIRIFQGCQFRSVEAVQEITEYAKSIPGFVNLDLNDQVTLLKYGVHEIIYTMLASLMNKDGVLISEGQGFMTREFLKSLRKPFGDFMEPKFEFAVKFNALELDDSDLAIFIAVIILSGDRPGLLNVKPIEDIQDNLLQALELQLKLNHPESSQLFAKLLQKMTDLRQIVTEHVQLLQVIKKTETDMSLHPLLQEIYKDLY
hsa3174,MNTTDNGVNCLCAICGDRATGKHYGASSCDGCKGFFRRSIRKSHVYSCRFSRQCVVDKDKRNQCRYCRLRKCFRAGMKKEAVQNERDRISTRRSTFDGSNIPSINTLAQAEVRSRQISVSSPGSSTDINVKKIASIGDVCESMKQQLLVLVEWAKYIPAFCELPLDDQVALLRAHAGEHLLLGATKRSMMYKDILLLGNNYVIHRNSCEVEISRVANRVLDELVRPFQEIQIDDNEYACLKAIVFFDPDAKGLSDPVKIKNMRFQVQIGLEDYINDRQYDSRGRFGELLLLLPTLQSITWQMIEQIQFVKLFGMVKIDNLLQEMLLGGASNDGSHLHHPMHPHLSQDPLTGQTILLGPMSTLVHADQISTPETPLPSPPQGSGQEQYKIAANQASVISHQHLSKQKQL
