0,D00002,NC(=O)c1ccc[n+](c1)[C@@H]1O[C@H](COP(O)(=O)OP(O)(=O)OC[C@H]2O[C@H]([C@H](O)[C@@H]2O)n2cnc3c(N)ncnc23)[C@@H](O)[C@H]1O
1,D00005,CC1=CC2=C(C=C1C)N(C[C@H](O)[C@H](O)[C@H](O)CO[P@](O)(=O)O[P@@](O)(=O)OC[C@H]1O[C@H]([C@H](O)[C@@H]1O)N1C=NC3=C1N=CN=C3N)C1=NC(=O)NC(=O)C1=N2
2,D00007,N[C@@H](CCC(O)=O)C(O)=O
3,D00014,N[C@@H](CCC(=O)N[C@@H](CS)C(=O)NCC(O)=O)C(O)=O
4,D00018,[H][C@@]1(OC(=O)C(O)=C1O)[C@@H](O)CO
5,D00021,N[C@@H](CC1=CC=CC=C1)C(O)=O
6,D00027,O=C1NC=CC(=O)N1
7,D00029,[H][C@]12CS[C@@H](CCCCC(O)=O)[C@@]1([H])NC(=O)N2
8,D00032,N[C@@H](CC1=CNC=N1)C(O)=O
9,D00035,OC(=O)[C@@H]1CCCN1
10,D00036,NC(=O)C1=CC=CN=C1
11,D00037,OC(=O)CC(O)(CC(O)=O)C(O)=O
12,D00038,OC(=O)C1=CC=CC=C1
13,D00039,CC(C)[C@H](N)C(O)=O
14,D00041,C[C@@H](O)[C@H](N)C(O)=O
15,D00043,CC(C)OP(F)(=O)OC(C)C
16,D00045,NC1=C2N=CN([C@@H]3O[C@H](CO)[C@@H](O)[C@H]3O)C2=NC=N1
17,D00049,OC(=O)C1=CN=CC=C1
18,D00050,CC1=C(C)C=C2N(C[C@H](O)[C@H](O)[C@H](O)CO)C3=NC(=O)NC(=O)C3=NC2=C1
19,D00052,OC(=O)CN(CCN(CC(O)=O)CC(O)=O)CC(O)=O
20,D00054,OC[C@H]1O[C@H]([C@H](O)[C@@H]1O)N1C=NC2=C1NC=NC2=O
21,D00055,OC(=O)C1=CC(=O)NC(=O)N1
22,D00065,CC[C@H](C)[C@H](N)C(O)=O
23,D00070,NC1=NC(=O)C2=NC(CNC3=CC=C(C=C3)C(=O)N[C@@H](CCC(O)=O)C(O)=O)=CN=C2N1
24,D00086,OC(=O)CCCC[C@@H]1CCSS1
25,D00094,C\C(\C=C\C1=C(C)CCCC1(C)C)=C/C=C/C(/C)=C/C(O)=O
26,D00097,OC(=O)C1=CC=CC=C1O
27,D00103,O=C(O)[C@H](O)[C@@H](O)C(=O)O
28,D00107,CO[C@@H]1C[C@@H](CC[C@H]1O)\C=C(/C)[C@H]1OC(=O)[C@@H]2CCCCN2C(=O)C(=O)[C@]2(O)O[C@@H]([C@H](C[C@H]2C)OC)[C@H](C[C@@H](C)C\C(C)=C\[C@@H](CC=C)C(=O)C[C@H](O)[C@H]1C)OC
29,D00109,CC(=O)OC1=CC=CC=C1C(O)=O
30,D00118,COC1=CC2=C(C=C1)C=C(C=C2)[C@H](C)C(O)=O
31,D00120,CC1=C(CC(O)=O)C2=CC(F)=CC=C2\C1=C/C1=CC=C(C=C1)S(C)=O
32,D00125,[H][C@]12COC(=O)[C@]1([H])[C@H](C1=CC(OC)=C(O)C(OC)=C1)C1=CC3=C(OCO3)C=C1[C@H]2O[C@@H]1O[C@]2([H])CO[C@@H](C)O[C@@]2([H])[C@H](O)[C@H]1O
33,D00126,CC(C)CC1=CC=C(C=C1)C(C)C(O)=O
34,D00127,CN1C(C(=O)NC2=NC=CC=C2)=C(O)C2=C(C=CC=C2)S1(=O)=O
35,D00129,C[C@H](CCCC(C)(C)O)[C@@]1([H])CC[C@@]2([H])\C(CCC[C@]12C)=C\C=C1\C[C@@H](O)C[C@H](O)C1=C
36,D00130,OC(=O)C1=C(O)C=CC(=C1)C1=C(F)C=C(F)C=C1
37,D00131,CCN(CC)C(=S)SSC(=S)N(CC)CC
38,D00132,CC(C(O)=O)C1=CC(=CC=C1)C(=O)C1=CC=CC=C1
39,D00136,OC1(CCN(CCCC(=O)C2=CC=C(F)C=C2)CC1)C1=CC=C(Cl)C=C1
40,D00139,COC1=C2OC(=O)C=CC2=CC2=C1OC=C2
41,D00141,COC1=CC2=C(C=C1)N(C(=O)C1=CC=C(Cl)C=C1)C(C)=C2CC(O)=O
42,D00142,CN(CC1=CN=C2N=C(N)N=C(N)C2=N1)C1=CC=C(C=C1)C(=O)N[C@@H](CCC(O)=O)C(O)=O
43,D00145,COC1=CC(CC2=CN=C(N)N=C2N)=CC(OC)=C1OC
44,D00148,CC(C)CCC[C@@H](C)CCC[C@@H](C)CCC\C(C)=C\CC1=C(C)C(=O)C2=C(C=CC=C2)C1=O
45,D00151,CC1=C(C)C(NC2=CC=CC=C2C(O)=O)=CC=C1
46,D00153,[H][C@@]12CCC3=CC(=O)C=C[C@]3(C)[C@@]1([H])CC[C@]1(C)OC(=O)CC[C@@]21[H]
47,D00155,OC[C@H]1O[C@H](C[C@@H]1O)N1C=NC2=C1N=CNC[C@H]2O
48,D00158,Cc1ccc(C(=O)c2ccc(CC(=O)[O-])n2C)cc1.O.O.[Na+]
49,D00160,NCCCCCC(O)=O
50,D00168,NC1=NC(=O)N(C=C1)[C@@H]1O[C@H](CO)[C@@H](O)[C@@H]1O
51,D00169,Cc1ccc(Cl)c(Nc2ccccc2C(=O)[O-])c1Cl.O.[Na+]
52,D00183,CCN1C=C(C(O)=O)C(=O)C2=C1N=C(C)C=C2
53,D00184,CC[C@@H]1NC(=O)[C@H]([C@H](O)[C@H](C)C\C=C\C)N(C)C(=O)[C@H](C(C)C)N(C)C(=O)[C@H](CC(C)C)N(C)C(=O)[C@H](CC(C)C)N(C)C(=O)[C@@H](C)NC(=O)[C@H](C)NC(=O)[C@H](CC(C)C)N(C)C(=O)[C@@H](NC(=O)[C@H](CC(C)C)N(C)C(=O)CN(C)C1=O)C(C)C
54,D00185,[H][C@@]12C[C@@H](O)[C@H](O)[C@@]1(C)CC[C@]1([H])C3=C(CC[C@@]21[H])C=C(O)C=C3
55,D00186,OC(=O)C1=CN(C2CC2)C2=CC(N3CCNCC3)=C(F)C=C2C1=O
56,D00187,CC(C)[C@@H](C)\C=C\[C@@H](C)[C@@]1([H])CC[C@@]2([H])\C(CCC[C@]12C)=C\C=C1\C[C@@H](O)CCC1=C
57,D00188,CC(C)CCC[C@@H](C)[C@@]1([H])CC[C@@]2([H])\C(CCC[C@]12C)=C\C=C1\C[C@@H](O)CCC1=C
58,D00196,[H][C@]12N(C)CC[C@@]1(C)C1=C(C=CC(OC(=O)NC)=C1)N2C
59,D00198,[H][C@]12C[C@@H](OC(=O)C=CC3=CC(OC)=C(OC)C(OC)=C3)[C@H](OC)[C@@H](C(=O)OC)[C@@]1([H])C[C@@]1([H])N(CCC3=C1NC1=C3C=CC(OC)=C1)C2
60,D00203,[H][C@]12C[C@@H](O[C@@H]3O[C@H](C)[C@@H](O)[C@H](N)[C@@H]3O)\C=C\C=C\C=C\C=C\C=C\C=C\C=C\[C@H](C)[C@@H](O)[C@@H](C)[C@H](C)OC(=O)C[C@H](O)C[C@H](O)CC[C@@H](O)[C@H](O)C[C@H](O)C[C@](O)(C[C@H](O)[C@H]1C(O)=O)O2
61,D00208,[H][C@]12CN3C4=C([C@@H](COC(N)=O)[C@@]3(OC)[C@@]1([H])N2)C(=O)C(N)=C(C)C4=O
62,D00216,[H]C(=O)[C@H](O)[C@@H](O)[C@]([H])(O[C@@]1([H])O[C@H](CO)[C@@]([H])(O[C@H]2O[C@H](C)[C@@H](N[C@@]3([H])C=C(CO)[C@@H](O)[C@H](O)[C@H]3O)[C@H](O)[C@H]2O)[C@H](O)[C@H]1O)[C@H](O)CO
63,D00217,CC(=O)NC1=CC=C(O)C=C1
64,D00218,CC(=O)NC1=NN=C(S1)S(N)(=O)=O
65,D00219,CC(=O)C1=CC=C(C=C1)S(=O)(=O)NC(=O)NC1CCCCC1
66,D00222,NC1=NC(=O)C2=C(N1)N(COCCO)C=N2
67,D00224,OC1=NC=NC2=C1C=NN2
68,D00225,CC1=NN=C2CN=C(C3=CC=CC=C3)C3=C(C=CC(Cl)=C3)N12
69,D00227,NCCN.CN1C2=C(NC=N2)C(=O)N(C)C1=O.CN1C2=C(NC=N2)C(=O)N(C)C1=O
70,D00231,NC1=CC(=CNC1=O)C1=CC=NC=C1
71,D00234,COC1=CC=C(CCN2CCC(CC2)NC2=NC3=CC=CC=C3N2CC2=CC=C(F)C=C2)C=C1
72,D00251,C[C@H](CS)C(=O)N1CCC[C@H]1C(O)=O
73,D00252,NC(=O)N1C2=CC=CC=C2C=CC2=CC=CC=C12
74,D00270,CN(C)CCCN1C2=CC=CC=C2SC2=C1C=C(Cl)C=C2
75,D00274,CO[C@H]1CN(CCCOC2=CC=C(F)C=C2)CC[C@H]1NC(=O)C1=CC(Cl)=C(N)C=C1OC
76,D00279,CCOC(=O)C(C)(C)OC1=CC=C(Cl)C=C1
77,D00283,CN1CCN(CC1)C1=NC2=CC(Cl)=CC=C2NC2=CC=CC=C12
78,D00285,COc1cc(Cc2cnc(N)nc2N)cc(OC)c1OC.Cc1cc(NS(=O)(=O)c2ccc(N)cc2)no1
79,D00293,CN1C2=C(C=C(Cl)C=C2)C(=NCC1=O)C1=CC=CC=C1
80,D00294,CC1=NS(=O)(=O)C2=C(N1)C=CC(Cl)=C2
81,D00298,[H][C@]12CC[C@]3([H])[C@]([H])(C[C@@H](O)[C@]4(C)[C@H](CC[C@]34O)C3=CC(=O)OC3)[C@@]1(C)CC[C@@H](C2)O[C@H]1C[C@H](O)[C@H](O[C@H]2C[C@H](O)[C@H](O[C@H]3C[C@H](O)[C@H](O)[C@@H](C)O3)[C@@H](C)O2)[C@@H](C)O1
82,D00300,CN(C)CCOC(C1=CC=CC=C1)C1=CC=CC=C1
83,D00315,CCC1=C2NC3=C(CCOC3(CC)CC(O)=O)C2=CC=C1
84,D00317,CC(=O)OCC(CCN1C=NC2=CN=C(N)N=C12)COC(C)=O
85,D00322,OC(CN1C=NC=N1)(CN1C=NC=N1)C1=C(F)C=C(F)C=C1
86,D00324,C1=CC=C(C=C1)/C=C/CC(=S)C(=O)O
87,D00325,[H][C@@]12C[C@@]3([H])[C@]4([H])C[C@H](F)C5=CC(=O)C=C[C@]5(C)[C@@]4(F)[C@@H](O)C[C@]3(C)[C@@]1(OC(C)(C)O2)C(=O)COC(C)=O
88,D00328,CC1(C)O[C@@H]2C[C@H]3[C@@H]4C[C@H](F)C5=CC(=O)CC[C@]5(C)[C@H]4[C@@H](O)C[C@]3(C)[C@@]2(O1)C(=O)CO
89,D00330,CC(C(O)=O)C1=CC(F)=C(C=C1)C1=CC=CC=C1
90,D00332,NCC1(CC(O)=O)CCCCC1
91,D00333,NC1=NC2=C(N=CN2COC(CO)CO)C(=O)N1
92,D00340,NS(=O)(=O)C1=C(Cl)C=C2NCNS(=O)(=O)C2=C1
93,D00342,OC[C@H]1O[C@H](C[C@@H]1O)N1C=C(I)C(=O)NC1=O
94,D00359,[H][C@]12[C@H](C[C@@H](C)C=C1C=C[C@H](C)[C@@H]2CC[C@@H]1C[C@@H](O)CC(=O)O1)OC(=O)[C@@H](C)CC
95,D00362,NCCCC[C@H](N[C@@H](CCC1=CC=CC=C1)C(O)=O)C(=O)N1CCC[C@H]1C(O)=O
96,D00364,CCOC(=O)N1CCC(CC1)=C1C2=C(CCC3=C1N=CC=C3)C=C(Cl)C=C2
97,D00369,N[C@@H](CC1=CC=C(C=C1)N(CCCl)CCCl)C(O)=O
98,D00371,CN1C2=C(NC=N2)C(=O)N(C)C1=O
99,D00377,NC1=CC(C(O)=O)=C(O)C=C1
100,D00380,CCCCNC(=O)NS(=O)(=O)C1=CC=C(C)C=C1
101,D00383,[H][C@@]12C[C@H](N(C(=O)[C@H](C)N[C@@H](CCC3=CC=CC=C3)C(=O)OCC)[C@@]1([H])CCCC2)C(O)=O
102,D00387,CC1=NN=C2CN=C(C3=CC=CC=C3Cl)C3=C(C=CC(Cl)=C3)N12
103,D00391,OC[C@H]1O[C@H](C[C@@H]1O)N1C=C(C(=O)NC1=O)C(F)(F)F
104,D00394,CC(CN(C)C)CN1C2=CC=CC=C2CCC2=CC=CC=C12
105,D00398,CC(C)[C@H](N)C(=O)OCCOCN1C=NC2=C1NC(N)=NC2=O
106,D00401,CN1C=CNC1=S
107,D00410,CC(C)(C(=O)C1=CN=CC=C1)C1=CC=CN=C1
108,D00414,CC(N(O)C(N)=O)C1=CC2=CC=CC=C2S1
109,D00416,Clc1ccc(COC(Cn2ccnc2)c2ccc(Cl)cc2Cl)c(Cl)c1
110,D00417,CC1=C(C=C(C#N)C(=O)N1)C1=CC=NC=C1
111,D00418,NC1=CC(=NC(N)=[N+]1[O-])N1CCCCC1
112,D00421,[H][C@@]12CCC[C@]1([H])N([C@@H](C2)C(O)=O)C(=O)[C@H](C)N[C@@H](CCC1=CC=CC=C1)C(=O)OCC
113,D00423,NC(=O)C1=NN(C=N1)[C@@H]1O[C@H](CO)[C@@H](O)[C@H]1O
114,D00425,COC1=CC2=C(C=C1)C=C(CCC(C)=O)C=C2
115,D00434,[H][C@]12[C@H](C[C@@H](C)C=C1C=C[C@H](C)[C@@H]2CC[C@@H]1C[C@@H](O)CC(=O)O1)OC(=O)C(C)(C)CC
116,D00437,COC(=O)C1=C(C)NC(C)=C(C1C1=CC=CC=C1[N+]([O-])=O)C(=O)OC
117,D00448,OC(=O)C1=CC(=CC=C1O)\N=N\C1=CC=C(C=C1)S(=O)(=O)NC1=NC=CC=C1
118,D00449,O=C1C(CCS(=O)C2=CC=CC=C2)C(=O)N(N1C1=CC=CC=C1)C1=CC=CC=C1
119,D00451,CNS(=O)(=O)CC1=CC=C2NC=C(CCN(C)C)C2=C1
120,D00452,CC(C(O)=O)C1=CC=C(C=C1)C(=O)C1=CC=CS1
121,D00454,CN1CCN(CC1)C1=NC2=CC=CC=C2NC2=C1C=C(C)S2
122,D00455,COC1=CC2=C(C=C1)N=C(N2)S(=O)CC1=NC=C(C)C(OC)=C1C
123,D00459,C1C2=C(C[C@H](N1C([C@@H](N[C@H](C(OCC)=O)CCC=3C=CC=CC3)C)=O)C(O)=O)C=CC=C2.Cl
124,D00463,OC(=O)CCC1=NC(=C(O1)C1=CC=CC=C1)C1=CC=CC=C1
125,D00475,CCCN(CCC)S(=O)(=O)C1=CC=C(C=C1)C(O)=O
126,D00487,CN(C)C(=O)OC1=C[N+](C)=CC=C1
127,D00488,CCC1=C(C(N)=NC(N)=N1)C1=CC=C(Cl)C=C1
128,D00494,CC(CN1C2=CC=CC=C2SC2=CC=CC=C12)N(C)C
129,D00496,[H][C@](N)(C(O)=O)C(C)(C)S
130,D00501,CN1C=NC2=C1C(=O)N(CCCCC(C)=O)C(=O)N2C
131,D00503,OCCN1CCN(CCCN2C3=CC=CC=C3SC3=C2C=C(Cl)C=C3)CC1
132,D00505,OS(O)(=O)=O.NNCCc1ccccc1
133,D00510,CCCCC1C(=O)N(N(C1=O)C1=CC=CC=C1)C1=CC=CC=C1
134,D00512,O=C1NC(=O)C(N1)(C1=CC=CC=C1)C1=CC=CC=C1
135,D00513,CC(C)NCC(O)COC1=CC=CC2=C1C=CN2
136,D00515,[O-][N+](=O)OCC(CO[N+]([O-])=O)O[N+]([O-])=O
137,D00516,[H][C@]12OC[C@H](O[N+]([O-])=O)[C@@]1([H])OC[C@H]2O[N+]([O-])=O
138,D00518,NS(=O)(=O)C1=CC(=C(Cl)C(Cl)=C1)S(N)(=O)=O
139,D00519,NS(=O)(=O)C1=C(Cl)C=C2NC=NS(=O)(=O)C2=C1
140,D00521,CC(C)(C)C1=CC=C(C=C1)C(O)CCCN1CCC(CC1)C(O)(C1=CC=CC=C1)C1=CC=CC=C1
141,D00528,CN1C=NC2=C1C(=O)N(C)C(=O)N2C
142,D00530,CCN(C(C)=O)C1=CC=CC(=C1)C1=CC=NC2=C(C=NN12)C#N
143,D00533,NC(=O)N1C2=CC=CC=C2CC(=O)C2=C1C=CC=C2
144,D00535,NC(CCC(O)=O)C=C
145,D00536,NC(=O)OCC(COC(N)=O)C1=CC=CC=C1
146,D00537,[H][C@@]12CO[C@@]3(COS(N)(=O)=O)OC(C)(C)O[C@@]3([H])[C@]1([H])OC(C)(C)O2
147,D00538,NS(=O)(=O)CC1=NOC2=CC=CC=C12
148,D00542,[H]C(Cl)(Br)C(F)(F)F
149,D00543,FC(F)OC(F)(F)C(F)Cl
150,D00544,COC(F)(F)C(Cl)Cl
151,D00545,FC(F)OC(Cl)C(F)(F)F
152,D00546,FC(F)OC(F)C(F)(F)F
153,D00547,FCOC(C(F)(F)F)C(F)(F)F
154,D00549,CC(C)C1=CC=CC(C(C)C)=C1O
155,D00550,CC1=NC=C2CN=C(C3=CC=CC=C3F)C3=C(C=CC(Cl)=C3)N12
156,D00560,FC1=CC=C(C=C1)C(CCCN1CCC(CC1)N1C(=O)NC2=CC=CC=C12)C1=CC=C(F)C=C1
157,D00562,CCCC1=CC(=O)NC(=S)N1
158,D00563,CN1CCN2C(C1)C1=CC=CC=C1CC1=C2N=CC=C1
159,D00566,O=C([O-])c1ccccc1O.[Na+]
160,D00567,CC1=CC=C(C=C1)C1=CC(=NN1C1=CC=C(C=C1)S(N)(=O)=O)C(F)(F)F
161,D00568,CS(=O)(=O)C1=CC=C(C=C1)C1=C(C(=O)OC1)C1=CC=CC=C1
162,D00569,CCOC1=CC=C(NC(C)=O)C=C1
163,D00574,CCC1(CCC(=O)NC1=O)C1=CC=C(N)C=C1
164,D00577,CC\C(=C(\CC)C1=CC=C(O)C=C1)C1=CC=C(O)C=C1
165,D00579,OC(=O)P(O)(O)=O
166,D00584,FC1=CNC(=O)NC1=O
167,D00593,CCC1=C(C)CN(C(=O)NCCC2=CC=C(C=C2)S(=O)(=O)NC(=O)N[C@H]2CC[C@H](C)CC2)C1=O
168,D00596,CN(CCOC1=CC=C(CC2SC(=O)NC2=O)C=C1)C1=CC=CC=N1
169,D00620,C1C=2C(N(C([C@](C1)(N[C@H](C(=O)OCC)CCC3=CC=CC=C3)[H])=O)CC(O)=O)=CC=CC2.Cl
170,D00621,OC(=O)\C=C/C(O)=O.CCOC(=O)[C@H](CCc1ccccc1)N[C@@H](C)C(=O)N1CCC[C@H]1C(O)=O
171,D00622,[Na+].[H][C@]1(C[C@H](N(C1)C(=O)CP(=O)(CCCCc1ccccc1)OC(OC(=O)CC)C(C)C)C([O-])=O)C1CCCCC1
172,D00623,C12=C(C[C@@H](C(O)=O)N(C1)C([C@@H](N[C@@H](CCC=3C=CC=CC3)C(OCC)=O)C)=O)C=C(OC)C(=C2)OC.Cl
173,D00624,CC(C)(C)N.CCC[C@H](N[C@@H](C)C(=O)N1[C@H]2CCCC[C@H]2C[C@H]1C(O)=O)C(=O)OCC
174,D00625,OCCN1C[C@H](O)[C@@H](O)[C@H](O)[C@H]1CO
175,D00630,[H][C@]12OC[C@@H](O[N+]([O-])=O)[C@@]1([H])OC[C@@H]2O
176,D00650,NS(=O)(=O)C1=CC2=C(NC(CC3=CC=CC=C3)NS2(=O)=O)C=C1C(F)(F)F
177,D00651,NS(=O)(=O)C1=CC2=C(C=C1Cl)N=C(CSCC1=CC=CC=C1)NS2(=O)=O
178,D00652,CCN[C@H]1CN(CCCOC)S(=O)(=O)C2=C1C=C(S2)S(N)(=O)=O
179,D00653,[Cl-].CC[NH2+][C@H]1C[C@H](C)S(=O)(=O)c2sc(cc12)S(N)(=O)=O
180,D00654,NS(=O)(=O)C1=CC2=C(NCNS2(=O)=O)C=C1C(F)(F)F
181,D00655,CN1N=C(S\C1=N\C(C)=O)S(N)(=O)=O
182,D00656,CN1C(CCl)NC2=CC(Cl)=C(C=C2S1(=O)=O)S(N)(=O)=O
183,D00658,NS(=O)(=O)C1=C(Cl)C=C2NC(NS(=O)(=O)C2=C1)C(Cl)Cl
184,D00667,CN(CCCCCCCCCCN(C)C(=O)OC1=CC=CC(=C1)[N+](C)(C)C)C(=O)OC1=CC=CC(=C1)[N+](C)(C)C
185,D00670,COC1=C(OC)C=C2C(=O)C(CC3CCN(CC4=CC=CC=C4)CC3)CC2=C1
186,D00691,CN1C2=C(N(CC(O)CO)C=N2)C(=O)N(C)C1=O
187,D00703,NC(=O)OC1(CCCCC1)C#C
188,D00709,CC[C@H](N1CCCC1=O)C(N)=O
189,D00726,CCN(CC)CCNC(=O)C1=CC(Cl)=C(N)C=C1OC
190,D00733,CCCCOC1=NC2=CC=CC=C2C(=C1)C(=O)NCCN(CC)CC
191,D00749,CC1=C(C=NO1)C(=O)NC1=CC=C(C=C1)C(F)(F)F
192,D00752,COC1=C(C\C=C(/C)CCC(=O)OCCN2CCOCC2)C(O)=C2C(=O)OCC2=C1C
193,D00753,[H][C@@]1(C[C@@H](C)[C@]2([H])CC(=O)[C@H](C)\C=C(C)\[C@@H](O)[C@@H](OC)C(=O)[C@H](C)C[C@H](C)\C=C\C=C\C=C(C)\[C@H](C[C@]3([H])CC[C@@H](C)[C@@](O)(O3)C(=O)C(=O)N3CCCC[C@@]3([H])C(=O)O2)OC)CC[C@@H](O)[C@@H](C1)OC
194,D00762,C[C@](N)(CC1=CC=C(O)C=C1)C(O)=O
195,D00771,ClC1=CC2=C(OC(=O)N2)C=C1
196,D00781,CCN(CC)C(=O)C(=C\C1=CC(=C(O)C(O)=C1)[N+]([O-])=O)\C#N
197,D00785,[Cl-].[H][N+](C)(CC#C)[C@H](C)Cc1ccccc1
198,D00786,CC1=CC=C(C=C1)C(=O)C1=CC(=C(O)C(O)=C1)[N+]([O-])=O
199,D00805,COP(=O)(OC)C(O)C(Cl)(Cl)Cl
200,D00810,C[N+](C)(C)CCO.OC1=CC=CC=C1C([O-])=O
201,D00813,NC(CO)(CO)CO.O=C(c1ccccc1)c1ccc2n1CCC2C(=O)O
202,D00826,C1(C2=CC=CC=C2)[C@H](N)C1.S(=O)(=O)(O)O.C1(C2=CC=CC=C2)[C@H](N)C1
203,D00827,O.O.O.O.O=C([O-])c1ccccc1O.O=C([O-])c1ccccc1O.[Mg+2]
204,D00829,Cl.NCCCC(N)(C(=O)O)C(F)F.O
205,D00882,ClC1=CC(Cl)=C(COC(CN2C=CN=C2)C2=C(Cl)C=C(Cl)C=C2)C=C1
206,D00884,[H][C@@]12C[C@H](O)C[C@]3(O)C[C@H](O)[C@@H](C(O)=O)[C@]([H])(C[C@@H](O[C@]4([H])O[C@H](C)[C@@H](O)[C@H](N)[C@@H]4O)\C=C\C=C\C=C\C=C\C[C@@H](C)OC(=O)\C=C\[C@@]1([H])O2)O3
207,D00885,O[N+]([O-])=O.Clc1ccc(CO\N=C(/Cn2ccnc2)c2ccc(Cl)cc2Cl)c(Cl)c1
208,D00887,CC(C)c1c(C(=O)Nc2ccccc2)c(-c2ccccc2)c(-c2ccc(F)cc2)n1CC[C@@H](O)C[C@@H](O)CC(=O)[O-].CC(C)c1c(C(=O)Nc2ccccc2)c(-c2ccccc2)c(-c2ccc(F)cc2)n1CC[C@@H](O)C[C@@H](O)CC(=O)[O-].[Ca+2]
209,D00889,[Na+].COCc1c(nc(C(C)C)c(\C=C\[C@@H](O)C[C@@H](O)CC([O-])=O)c1-c1ccc(F)cc1)C(C)C
210,D00892,CC(C)n1c(/C=C/[C@H](O)C[C@H](O)CC(=O)[O-])c(-c2ccc(F)cc2)c2ccccc21.[Na+]
211,D00893,[Na+].[H][C@]12[C@H](C[C@H](O)C=C1C=C[C@H](C)[C@@H]2CC[C@@H](O)C[C@@H](O)CC([O-])=O)OC(=O)[C@@H](C)CC
212,D00900,CCOC(=O)C1=C[C@@H](OC(CC)CC)[C@H](NC(C)=O)[C@@H](N)C1
213,D00902,[H][C@]1(OC(=C[C@H](N=C(N)N)[C@H]1NC(C)=O)C(O)=O)[C@H](O)[C@H](O)CO
214,D00903,O=C([O-])Cc1ccccc1Nc1c(Cl)cccc1Cl.[K+]
215,D00904,O=C([O-])Cc1ccccc1Nc1c(Cl)cccc1Cl.[Na+]
216,D00947,CC(=O)NC[C@H]1CN(C(=O)O1)C1=CC(F)=C(C=C1)N1CCOCC1
217,D00960,CC(C)(C#N)C1=CC(=CC(CN2C=NC=N2)=C1)C(C)(C)C#N
218,D00963,[H][C@@]12CCC(=O)[C@@]1(C)CC[C@@]1([H])[C@@]2([H])CC(=C)C2=CC(=O)C=C[C@]12C
219,D00964,N#CC1=CC=C(C=C1)C(N1C=NC=N1)C1=CC=C(C=C1)C#N
220,D00965,CC1(C)NC(=O)N(C1=O)C1=CC(=C(C=C1)[N+]([O-])=O)C(F)(F)F
221,D00968,CC(C(O)=O)C1=CC(OC2=CC=CC=C2)=CC=C1
222,D00969,CN1C(C(=O)NC2=NC=C(C)S2)=C(O)C2=C(C=CC=C2)S1(=O)=O
223,D00970,COc1ccc2cc([C@H](C)C(=O)[O-])ccc2c1.[Na+]
224,D00994,[Cl-].CC[N+](C)(C)c1cccc(O)c1
225,D00995,[Br-].CN(C)C(=O)Oc1cccc(c1)[N+](C)(C)C
226,D00998,COS([O-])(=O)=O.CN(C)C(=O)Oc1cccc(c1)[N+](C)(C)C
227,D01001,CC[N+](CC)(CCNC(=O)C(=O)NCC[N+](CC)(CC)Cc1ccccc1Cl)Cc1ccccc1Cl.[Cl-].[Cl-]
228,D01027,[N+]1=2[Co-3]345([N+]6=C7[C@H]([C@@](CC(=O)N)(C)[C@@]6([C@@]6(N3C(=C(C)C3=[N+]4C(C(C)(C)[C@@H]3CCC(=O)N)=CC3=[N+]5C(=C7C)[C@@](CC(=O)N)([C@@H]3CCC(=O)N)C)[C@@](C)([C@H]6CC(=O)N)CCC(NC[C@@H](C)OP(=O)(O[C@@H]3[C@H](O[C@H](N(C4=CC(=C(C=C14)C)C)C=2)[C@@H]3O)CO)[O-])=O)[H])C)CCC(=O)N)O[H]
229,D01061,C1(=CC=C2C(=C1)C(=C3C(=N2)C=4N(C3)C(C5=C(C4)[C@](C(OC5)=O)(CC)O)=O)CC)OC(=O)N6CCC(CC6)N7CCCCC7.Cl.O.O.O
230,D01064,CN(CC1=CC2=C(NC(C)=NC2=O)C=C1)C1=CC=C(S1)C(=O)N[C@@H](CCC(O)=O)C(O)=O
231,D01069,C1CC[C@@H](C(N2N1CCC[C@H]2C(=O)O)=O)N[C@H](C(OCC)=O)CCC3=CC=CC=C3.O
232,D01071,CN1C(=O)NC(=O)C(C)(C1=O)C1=CCCCC1
233,D01097,C1=C(C=CC(C(NCCN)=O)=N1)Cl.Cl
234,D01118,CCN(CC)C(C)CN1C2=CC=CC=C2SC2=CC=CC=C12
235,D01119,S1C=CC=C1[C@H]2SC[C@H](N[C@@H](CCC3=CC=CC=C3)C(=O)OCC)C(N(C2)CC(=O)O)=O.Cl
236,D01122,CC(C)Cc1ccc(C(C)C(=O)OCc2ccccn2)cc1
237,D01133,COC1=CC=C(C=C1)C1=NC2=CC(=CC=C2N1)C1=NNC(=O)CC1C
238,D01136,NC[C@H]1CC[C@@H](CC1)C(O)=O
239,D01164,ClC1=CC=CC(N2CCN(CCCCOC3=CC4=C(CCC(=O)N4)C=C3)CC2)=C1Cl
240,D01180,[H][C@@]12CC[C@H](O)[C@@]1(C)CC[C@@]1([H])[C@@]2([H])CC[C@@]23O[C@@H]2C(O)=C(C[C@]13C)C#N
241,D01183,CC1=C(Cl)C=CC=C1NC1=CC=CC=C1C(O)=O
242,D01196,[Na+].CC(=O)Nc1nnc(s1)S([NH-])(=O)=O
243,D01198,C=1C=C2C(=CC1OCC(CNCC3=CC=C(C(=C3)OC)OC)O)C=CC(N2)=O
244,D01211,CC1=C(C2=CC=CC=C2N1)C(=O)[C@H](C)OC(=O)CCC(C)C
245,D01223,CCCCCOC(=O)NC1=NC(=O)N(C=C1F)[C@@H]1O[C@H](C)[C@@H](O)[C@H]1O
246,D01228,CN(CCCCCCN(C)C(=O)Oc1ccc[n+](C)c1)C(=O)Oc1ccc[n+](C)c1.[Br-].[Br-]
247,D01240,C[C@H]1O[C@H](C[C@H](O)[C@@H]1O[C@H]1C[C@H](O)[C@H](O[C@H]2C[C@H](O)[C@H](O[C@@H]3O[C@H](CO)[C@@H](O)[C@H](O)[C@H]3O)[C@@H](C)O2)[C@@H](C)O1)O[C@H]1CC[C@@]2(C)[C@H](CC[C@@H]3[C@@H]2C[C@@H](O)[C@]2(C)[C@H](CC[C@]32O)C2=CC(=O)OC2)C1
248,D01256,NS(=O)(=O)C1=C(Cl)C=C2NC(NS(=O)(=O)C2=C1)C1CC2CC1C=C2
249,D01264,COC1=CC2=C(C=C1)C(=CC(=O)O2)COC(=O)C3=CC4=C(C=C3)SCCC(=O)N4
250,D01275,CC1=C(C=C(O1)COC(=O)C2=CC3=C(C=C2)SCCC(=O)N3)C(=O)OC
251,D01276,[H+].[H+].[O-]S([O-])(=O)=O.COC(=O)N[C@H](C(=O)N[C@@H](Cc1ccccc1)[C@@H](O)CN(Cc1ccc(cc1)-c1ccccn1)NC(=O)[C@@H](NC(=O)OC)C(C)(C)C)C(C)(C)C
252,D01325,CC(C(=O)O)c1ccc(C(=O)c2ccccc2)s1
253,D01332,CN1CCC(CC1)=C1C2=C(SC=C2)C(=O)CC2=CC=CC=C12
254,D01346,OC(=O)C1=CC=C(NC(=O)[C@H](CC2=CC=C(O)C=C2)NC(=O)C2=CC=CC=C2)C=C1
255,D01364,[NH3+]CCO.Cc1cc(C2CCCCC2)n([O-])c(=O)c1
256,D01367,[H][C@@]12CC[C@](O)(C(C)=O)[C@@]1(C)C[C@H](O)[C@@]1(F)[C@@]2([H])C[C@H](C)C2=CC(=O)C=C[C@]12C
257,D01370,NC1=C2N=CN([C@H]3C[C@H](O)[C@@H](CO)O3)C2=NC(Cl)=N1
258,D01397,CCOC(=O)OC(C)OC1=C(C(=O)Nc2ccccn2)N(C)S(=O)(=O)c2ccccc21
259,D01425,CC(C)[C@H](N1CCCNC1=O)C(=O)N[C@H](C[C@H](O)[C@H](CC1=CC=CC=C1)NC(=O)COC1=C(C)C=CC=C1C)CC1=CC=CC=C1
260,D01432,S(=O)(=O)(C)O.O.C=1(C(=CC=2C=3C1CC[C@@H](C3C4=C(N2)C=5N(C4)C(C6=C(C5)[C@](C(OC6)=O)(CC)O)=O)N)F)C.O
261,D01441,CN1CCN(CC2=CC=C(C=C2)C(=O)NC2=CC(NC3=NC=CC(=N3)C3=CN=CC=C3)=C(C)C=C2)CC1
262,D01475,CC(=O)OC(C)OC(=O)C(C)c1ccc(-c2ccccc2)c(F)c1
263,D01513,CC(C(O)=O)C1=CC=C(NCC(C)=C)C=C1
264,D01547,CC(C(O)=O)C1=CC=C2SC3=C(C=CC=C3)C(=O)CC2=C1
265,D01549,Cl.C1=CC=CC(=C1)CC[C@H](N[C@H](C(N2C(N(C[C@H]2C(O)=O)C)=O)=O)C)C(=O)OCC
266,D01565,COc1ccc2c(c1)c(CC(=O)OC/C=C(\C)CC/C=C(\C)CCC=C(C)C)c(C)n2C(=O)c1ccc(Cl)cc1
267,D01578,CC(C(=O)O)c1ccc2c(c1)Cc1cccnc1O2
268,D01582,COC1=CC2=C(C=C1)N(C(=O)C1=CC=C(Cl)C=C1)C(C)=C2CC(=O)OCC(O)=O
269,D01665,OCC(CO)N[C@H]1C[C@](O)(CO)[C@@H](O)[C@H](O)[C@H]1O
270,D01667,Cl.N(C([C@@H](N[C@H](C(=O)OCC)CCC1=CC=CC=C1)C)=O)(CC(=O)O)C2CC3=C(C=CC=C3)C2
271,D01688,C\C(\C=C1/SC(=S)N(CC(O)=O)C1=O)=C/c1ccccc1
272,D01690,C(=O)(N1CCN(CC1)C=2C=C3C(=CC2)NC(CC3)=O)C4=CC(OC)=C(C=C4)OC
273,D01704,[H][C@@]1(CC[C@](CC1)(C#N)C1=CC(OC2CCCC2)=C(OC)C=C1)C(O)=O
274,D01709,C1CSC2=C(C=C(C=C2)C(=O)OCC(=O)NC3=CC=CC=C3F)NC1=O
275,D01712,CC([O-])=O.C12=C(N(C(=O)N(C1=O)C)C)N=CN2.[Na+]
276,D01715,C1(NC(SC1C2=CC=C(C(OCC)=C2)OCCCCC)=O)=O
277,D01718,COc1ccc(-c2noc(CC(=O)O)c2-c2ccc(OC)cc2)cc1
278,D01747,CC(=O)[C@]1(O)Cc2c(O)c3c(c(O)c2[C@@H](O[C@H]2C[C@H](N)[C@H](O)[C@H](C)O2)C1)C(=O)c1ccccc1C3=O.Cl
279,D01765,C1CSC2=C(C=C(C=C2)C(=O)OCC(=O)C3=CC=CC=C3F)NC1=O
280,D01767,CN1C(C(=O)NC2=CC=CC=N2)=C(O)C2=C(C=CS2)S1(=O)=O
281,D01811,NC(=O)C1=CC=CC=C1O
282,D01825,[H][C@@]12C[C@@]3([H])[C@]4([H])C[C@H](F)C5=CC(=O)C=C[C@]5(C)[C@@]4(F)[C@@H](O)C[C@]3(C)[C@@]1(OC(C)(C)O2)C(=O)CO
283,D01828,CC(C)C1=CC2=C(OC3=NC(N)=C(C=C3C2=O)C(O)=O)C=C1
284,D01840,Cl.C1N(CCNCC1)S(C2=CC=CC3=C2C=CN=C3)(=O)=O
285,D01842,NC(=O)[C@@H]1C[C@]2(NC(=O)NC2=O)c2cc(F)ccc2O1
286,D01844,[Na+].[Na+].[Na+].[Na+].[Na+].[Na+].[Na+].[Na+].[Na+].[Na+].CO[C@H]1O[C@H](COS([O-])(=O)=O)[C@@H](O[C@@H]2O[C@H]([C@@H](O[C@H]3O[C@H](COS([O-])(=O)=O)[C@@H](O[C@@H]4O[C@@H]([C@@H](O[C@H]5O[C@H](COS([O-])(=O)=O)[C@@H](O)[C@H](O)[C@H]5NS([O-])(=O)=O)[C@H](O)[C@H]4O)C(O)=O)[C@H](OS([O-])(=O)=O)[C@H]3NS([O-])(=O)=O)[C@H](O)[C@H]2OS([O-])(=O)=O)C(O)=O)[C@H](O)[C@H]1NS([O-])(=O)=O
287,D01862,O[C@H](C[C@H](O)\C=C\C1=C(N=C2C=CC=CC2=C1C1=CC=C(F)C=C1)C1CC1)CC(O)=O
288,D01866,CN1C(C(=O)NC2=CC=CC=N2)=C(O)C2=C(C=C(Cl)S2)S1(=O)=O
289,D01885,[H][C@]1(N)C[C@]([H])(O[C@@]2([H])C[C@@](O)(CC3=C(O)C4=C(C(O)=C23)C(=O)C2=C(C=CC=C2OC)C4=O)C(=O)CO)O[C@@]([H])(C)[C@@]1([H])O[C@]1([H])CCCCO1
290,D01888,C=12OCOC2=CC=C(C1)CCC(NN)C.Cl
291,D01900,C([C@@H](CSC(C)=O)C)(=O)N1[C@H](C(N[C@@H](CC2=CC=CC=C2)C(O)=O)=O)CCC1
292,D01907,NC1=NC(F)=NC2=C1N=CN2[C@@H]1O[C@H](CO)[C@@H](O)[C@@H]1O
293,D01911,[C@H]1(O[C@@H]2[C@H](C)O[C@@H](O[C@H]3[C@H](C[C@@H](O[C@H]3C)O[C@@H]4C5=C(C=6C(C=7C(=CC=CC7C(=O)C6C=C5[C@H]([C@@](O)(CC)C4)C(=O)OC)O)=O)O)N(C)C)C[C@@H]2O)CCC([C@H](C)O1)=O.Cl
294,D01915,[Ca++].CC(C)c1nc(nc(-c2ccc(F)cc2)c1\C=C\[C@@H](O)C[C@@H](O)CC([O-])=O)N(C)S(C)(=O)=O.CC(C)c1nc(nc(-c2ccc(F)cc2)c1\C=C\[C@@H](O)C[C@@H](O)CC([O-])=O)N(C)S(C)(=O)=O
295,D01918,[Na+].C=1(S(NC=2C=CC=CC2C(=O)NCC([O-])=O)(=O)=O)C=CC(OC(C(C)(C)C)=O)=CC1.O.O.O.O
296,D01966,[H][C@]1(CC[C@H](O)C2=CC=C(F)C=C2)C(=O)N(C2=CC=C(F)C=C2)[C@]1([H])C1=CC=C(O)C=C1
297,D01968,OC(CN1C=CN=C1)(P(O)(O)=O)P(O)(O)=O
298,D01973,Br.CN1CCC[C@@H]1Cc1c[nH]c2ccc(CCS(=O)(=O)c3ccccc3)cc12
299,D01974,Cc1nc(C2CCCCC2)c(-c2ccc(S(N)(=O)=O)c(F)c2)o1
300,D01977,COC1=C(OCCCN2CCOCC2)C=C2C(NC3=CC(Cl)=C(F)C=C3)=NC=NC2=C1
301,D01981,[H][C@]1(CCN1C(=O)[C@H](NCC(=O)OCC)C1CCCCC1)C(=O)NCc1ccc(cc1)C(N)=NO
302,D01984,CN(CC(=O)OCN1C(=O)C2=CC=CC=C2N=N1)S(=O)(=O)C3=CC=C(C=C3)F
303,D02008,[H][C@]12CC3=C(NC4=CC=CC=C34)[C@H](N1C(=O)CN(C)C2=O)C1=CC2=C(OCO2)C=C1
304,D02017,C[N+](C)(C)CCO.CN1C2=C([N-]C=N2)C(=O)N(C)C1=O
305,D02042,C[C@H](CN1C(=O)C2=C(C=C(C=C2)C(=O)OC)N=C1SCC(=O)N)O
306,D02068,Cl.Nc1c2c(nc3ccccc13)CCCC2
307,D02110,COc1ccc2c(c1)c(CC(=O)[O-])c(C)n2C(=O)c1ccc(Cl)cc1.O.O.O.[Na+]
308,D02115,CC1=C(C=C(C=C1)S(=O)(=O)C)C(=O)OCC(=O)N[C@H]2CCCC3=CC=CC=C23
309,D02166,Cl.Cl.O=C1c2c(O)ccc(O)c2C(=O)c2c(NCCNCCO)ccc(NCCNCCO)c21
310,D02168,CC[C@@]1(O)C(=O)OCc2c1cc1n(c2=O)Cc2cc3c(CN(C)C)c(O)ccc3nc2-1.Cl
311,D02173,CC1=C(C=C(C=C1)S(=O)(=O)C)C(=O)OCC(=O)C2=C(C=CC(=C2)F)OC
312,D02176,C[N+](C)(C)C[C@H](O)CC([O-])=O
313,D02193,CCOP(=O)(OCC)SCC[N+](C)(C)C
314,D02194,[Na+].CC1(C)C[C@@H]1C(=O)N\C(C(O)=O)=C/CCCCSC[C@H](N)C([O-])=O
315,D02214,CC1=C(C=C(C=C1)S(=O)(=O)C)C(=O)OCC(=O)N(C)C
316,D02229,OC(=O)CC(O)(CC(O)=O)C(O)=O.CCCc1nn(C)c2c1nc([nH]c2=O)-c1cc(ccc1OCC)S(=O)(=O)N1CCN(C)CC1
317,D02258,O.O.O.[Ca++].CC(C)c1c(C(=O)Nc2ccccc2)c(-c2ccccc2)c(-c2ccc(F)cc2)n1CC[C@@H](O)C[C@@H](O)CC([O-])=O.CC(C)c1c(C(=O)Nc2ccccc2)c(-c2ccccc2)c(-c2ccc(F)cc2)n1CC[C@@H](O)C[C@@H](O)CC([O-])=O
318,D02267,O.O.O.O.O.O.O=C([O-])P(=O)([O-])[O-].[Na+].[Na+].[Na+]
319,D02289,[H][C@@]12CC[C@H](C(C)=O)[C@@]1(C)C[C@H](O)[C@@]1([H])[C@@]2([H])C[C@H](C)C2=CC(=O)CC[C@]12C
320,D02290,CC(C(=O)[O-])c1ccc(-c2ccccc2)c(F)c1.O.O.[Na+]
321,D02304,NCCCC[C@H](N)C(O)=O
322,D02308,OC(=O)\C=C\C(O)=O
323,D02315,CCCCCCCC\C=C\CCCCCCCC(O)=O
324,D02321,COC1=C(NC2=C3C=CC=CC3=NC3=CC=CC=C23)C=CC(NS(C)(=O)=O)=C1
325,D02323,COC1=C(C2=CC=CC(C(=S)N(C)CC(O)=O)=C2C=C1)C(F)(F)F
326,D02328,O=C(O)Cc1nn(Cc2nc3cc(C(F)(F)F)ccc3s2)c(=O)c2ccccc12
327,D02333,CO[C@@H]1[C@@H](OC(=O)c2ccc(C)[nH]2)[C@@H](O)[C@H](Oc2ccc3c(O)c(NC(=O)c4c[nH]c(C(=O)Nc5c(O)c6ccc(O[C@@H]7OC(C)(C)[C@H](OC)[C@@H](OC(=O)c8ccc(C)[nH]8)[C@H]7O)c(C)c6oc5=O)c4C)c(=O)oc3c2C)OC1(C)C
328,D02335,CC1=CC(=O)C2=CC=CC=C2C1=O
329,D02341,CC1=C(Cl)C(NC2=CC=CC=C2C(O)=O)=C(Cl)C=C1
330,D02342,CC(C)NCC(O)COC1=CC=C(COCCOC(C)C)C=C1
331,D02350,CC(C(=O)O)c1cccc(Oc2ccccc2)c1
332,D02355,Cc1ccc(C(=O)c2ccc(CC(=O)O)n2C)cc1
333,D02356,COC1=C(OC)C=C(CCN(C)CCCC(C#N)(C(C)C)C2=CC(OC)=C(OC)C=C2)C=C1
334,D02368,NC1=NC(=O)N(C=C1)[C@@H]1O[C@H](CO)[C@@H](O)C1(F)F
335,D02375,CN(C\C=C\C#CC(C)(C)C)CC1=CC=CC2=CC=CC=C12
336,D02418,CNC(=O)Oc1ccc2c(c1)[C@]1(C)CCN(C)[C@@H]1N2C.O=C(O)c1ccccc1O
337,D02441,CCOC1=CC2=C(C=C1)N=C(S2)S(N)(=O)=O
338,D02451,C1(=CC=C(C=C1)C#N)C2N3C(CCC2)=CN=C3.Cl
339,D02487,CC(C)NC(=N)NC(=N)Nc1ccc(Cl)cc1.Cl
340,D02556,C[C@@H](C1=NC(=CS1)C1=CC=C(C=C1)C#N)[C@](O)(CN1C=NC=N1)C1=CC=C(F)C=C1F
341,D02558,C1=CC=NC(=C1)CCNC(=O)CCC2=NC(=NO2)C3=CC=C(C=C3)F
342,D02559,CC1=CC(=CC=C1)N1CC(CO)OC1=O
343,D02560,COC1=CC2=C(OC(=C2)C2CCNCC2)C(Br)=C1
344,D02561,ClC1=CC=C(C=C1)C(=O)NCCN1CCOCC1
345,D02562,C#CCN[C@@H]1CCc2ccccc21.CS(=O)(=O)O
346,D02563,COC[C@H]1CN(c2ccc(OCC[C@@H](O)C(F)(F)F)cc2)C(=O)O1
347,D02564,C#CCN(C)Cc1ccccc1.Cl
348,D02566,CNCCCC12CCC(C3=CC=CC=C13)C1=CC=CC=C21
349,D02579,CC(C)NNC(=O)C1=CC=NC=C1
350,D02580,CC1=CC(=NO1)C(=O)NNCC1=CC=CC=C1
351,D02581,COCC1CN(c2ccc(OCc3cccc(C#N)c3)cc2)C(=O)O1
352,D02655,CCOC(=O)c1cnc2c(cnn2CC)c1NN=C(C)C.Cl
353,D02671,CN1CCCCC1CCN1C2=C(SC3=C1C=C(C=C3)S(C)=O)C=CC=C2
354,D02698,[H][C@]12COC(=O)[C@]1([H])[C@H](C1=CC(OC)=C(O)C(OC)=C1)C1=C(C=C3OCOC3=C1)[C@H]2O[C@]1([H])O[C@]2([H])CO[C@H](O[C@@]2([H])[C@H](O)[C@H]1O)C1=CC=CS1
355,D02709,CCC(=O)NS(=O)(=O)C1=CC=C(C=C1)C1=C(C)ON=C1C1=CC=CC=C1
356,D02729,COc1ccc(C(=O)NCc2ccc(OCCN(C)C)cc2)cc1OC.Cl
357,D02731,CCCc1nc(C)c2c(=O)nc(-c3cc(S(=O)(=O)N4CCN(CC)CC4)ccc3OCC)[nH]n12.Cl.Cl
358,D02756,CC[C@@]1(O)C[C@H](O[C@H]2C[C@@H]([C@H](O[C@H]3C[C@H](O)[C@H](O[C@H]4CCC(=O)[C@H](C)O4)[C@H](C)O3)[C@H](C)O2)N(C)C)C2=C(O)C3=C(C=C2[C@H]1C(=O)OC)C(=O)C1=C(C(O)=CC=C1)C3=O
359,D02769,NC1=C2N=CN([C@@H]3O[C@H](COP(O)(O)=O)[C@@H](O)[C@H]3O)C2=NC=N1
360,D02835,O=C([O-])CN1C(=O)c2cccc3cccc(c23)C1=O.[Na+]
361,D02880,Cl.C=12OC(=CC(C1C(=CC(=C2[C@@H]3[C@@H](CN(CC3)C)O)O)O)=O)C4=C(C=CC=C4)Cl
362,D03012,CC(C)c1cc(C(C)C)c(CC(=O)NS(=O)(=O)Oc2c(C(C)C)cccc2C(C)C)c(C(C)C)c1
363,D03034,OC(=O)CCCCCCCC(O)=O
364,D03077,[H][C@@]1(CCC2=CC=CC=C2N(CC(O)=O)C1=O)N[C@@H](CCC1=CC=CC=C1)C(O)=O
365,D03115,CC(=O)NC1=C(C=CC(=C1)C(=O)COC(=O)C2=CC3=C(CCC3)C=C2)O
366,D03208,COCCCOC1=C(OC)C=CC(C[C@@H](C[C@H](N)[C@@H](O)C[C@@H](C(C)C)C(=O)NCC(C)(C)C(N)=O)C(C)C)=C1
367,D03217,COC1=C(Cl)C=C(CNC2=C(C=NC(=N2)N2CCC[C@H]2CO)C(=O)NCC2=NC=CC=N2)C=C1
368,D03218,CNC(=O)C1=C(SC2=CC=C3C(NN=C3\C=C\C3=CC=CC=N3)=C2)C=CC=C1
369,D03252,COC1=CC(NC2=C(C=NC3=CC(OCCCN4CCN(C)CC4)=C(OC)C=C23)C#N)=C(Cl)C=C1Cl
370,D03260,CC1=C(OC2=C1C=C(C=C2)OC)C(=O)NC3=CC(=NN3C)C(C)(C)C
371,D03350,C=CC(=O)Nc1cc2c(Nc3ccc(F)c(Cl)c3)ncnc2cc1OCCCN1CCOCC1.Cl.Cl
372,D03365,CN1CCC[C@H]1C1=CN=CC=C1
373,D03433,CCCC(=O)O[C@H]1CN2CC[C@H](O)[C@@H]2[C@@H](O)[C@@H]1O.Cl
374,D03440,NCCCC[C@H](OP(=O)(O)CCCCc1ccccc1)C(=O)N1CCC[C@H]1C(=O)O
375,D03601,CC1CC(OC(=O)[C@@H]2CCC(=O)N2)CC(C)(C)C1
376,D03643,C1CN(C2=CC=CC=C21)C(=O)C3=CC=C(C=C3)N4C=NN=N4
377,D03670,CC(=O)N(O)CCCCCNC(=O)CCC(=O)N(O)CCCCCNC(=O)CCC(=O)N(O)CCCCCN
378,D03689,COC1=C(F)C=C(C=C1)C1=CC(=NN1C1=CC=C(C=C1)S(N)(=O)=O)C(F)F
379,D03710,CC1=NC=C(C=C1)C1=C(C=C(Cl)C=N1)C1=CC=C(C=C1)S(C)(=O)=O
380,D03712,CC1(C)OC(=O)C(OCC2CC2)=C1C1=CC=C(C=C1)S(C)(=O)=O
381,D03714,CC1=CC=C(NC2=C(Cl)C=CC=C2F)C(CC(O)=O)=C1
382,D03716,CCC(=O)NS(=O)(=O)c1ccc(-c2c(-c3ccccc3)noc2C)cc1
383,D03717,CCC(=O)[N-]S(=O)(=O)c1ccc(-c2c(-c3ccccc3)noc2C)cc1.[Na+]
384,D03720,C1(C=C(C2=C(N1C)C=CC(=C2)[C@](C=3C=CC(=CC3)Cl)(C4=CN=CN4C)N)C=5C=C(C=CC5)Cl)=O
385,D03722,CN[C@H](Cc1ccccc1)C(=O)N1CCC[C@H]1C(=O)N[C@H](C=O)CCCN=C(N)N.O=S(=O)(O)O
386,D03728,N=C(N)N1CCC[C@@H](CNC(=O)C[C@H](NS(=O)(=O)c2ccc3ccccc3c2)C(=O)N(CC(=O)O)C2CC2)C1.O
387,D03731,C[C@H](CC1=CC=CC=C1)N(C)CC#C
388,D03733,Cl.NC/C(=C/F)CCc1ccc(F)cc1
389,D03734,CCCCCCN(Cc1ccc(CC(C)(C)C)cc1)C(Nc1cc(C(C)(C)C)c(O)c(C(C)(C)C)c1)=C1C(=O)OC(C)(C)OC1=O
390,D03735,CCCCCCCN(CCCCCSc1nc(-c2ccccc2)c(-c2ccccc2)[nH]1)C(=O)Nc1ccc(F)cc1F
391,D03736,CC1=CC=C(C=C1)N1N=C(C=C1NC(=O)NC1=CC=C(OCCN2CCOCC2)C2=C1C=CC=C2)C(C)(C)C
392,D03738,COC1=CC=C(C[C@H](NC(=O)CC(C)(C)N)C(=O)N[C@@H](CC2=CN=CN2)C(=O)N[C@@H](CC2CCCCC2)[C@@H](O)[C@@H](O)CC(C)C)C=C1
393,D03741,C1COCCN1CCCNC(=O)C2=CC=C(C=C2)C3SCCS3
394,D03743,CSC[C@H](NC(=O)[C@H](Cc1ccccc1)NC(=O)N1CCOCC1)C(=O)N[C@@H](CC1CCCCC1)[C@@H](O)C(=O)OC(C)C
395,D03745,CC(C)C[C@H](O)[C@H](O)[C@H](CC1CCCCC1)NC(=O)[C@H](Cc1cscn1)NC(=O)[C@H](Cc1ccccc1)CS(=O)(=O)N1CCN(C)CC1.Cl
396,D03751,O=C(O)/C=C\C(=O)O.O=C1Cc2cc3c(CCC4CCN(Cc5ccccc5)CC4)noc3cc2N1
397,D03752,CCOC(=O)[C@H](CCC1=CC=CC=C1)N[C@@H](C)C(=O)N1CC2=CC=CC=C2C[C@H]1C(O)=O
398,D03753,[H][C@]12C[C@H](N(C(=O)[C@H](C)N[C@@H](CCC)C(=O)OCC)[C@@]1([H])CCCC2)C(O)=O
399,D03756,CCCN1C(=NN=N1)COC2=C(C=C(C=C2[N+](=O)[O-])C)C
400,D03758,NCCCC[C@H](N[C@H]1CCc2ccccc2N(CC(=O)O)C1=O)C(=O)O
401,D03760,C1CC(CN(C1)C2=C(C=C(C=C2)[N+](=O)[O-])Cl)O
402,D03763,C[C@H](CSC(=O)C(C)(C)C)C(=O)N(CC(=O)O)C1CCCC1
403,D03765,CCOC(=O)[C@H](CCc1ccccc1)N[C@@H](C)C(=O)N1CC2(C[C@H]1C(=O)O)SCCS2.Cl
404,D03767,[Ca++].C[C@H](CSC(=O)c1ccccc1)C(=O)N1C[C@H](C[C@H]1C([O-])=O)Sc1ccccc1.C[C@H](CSC(=O)c1ccccc1)C(=O)N1C[C@H](C[C@H]1C([O-])=O)Sc1ccccc1
405,D03769,[H][C@@](C)(N[C@@]([H])(CCC1=CC=CC=C1)C(O)=O)C(=O)N1CCC[C@@]1([H])C(O)=O
406,D03772,[H][C@]1(C[C@H](N(C1)C(=O)CP(O)(=O)CCCCC1=CC=CC=C1)C(O)=O)C1CCCCC1
407,D03773,C1C2=C(C[C@H](N1C([C@@H](N[C@H](C(O)=O)CCC=3C=CC=CC3)C)=O)C(O)=O)C=CC=C2
408,D03775,C([C@@H](N[C@@H](CCC1=CC=CC=C1)C(O)=O)C)(=O)N2CC3(C[C@H]2C(=O)O)SCCS3
409,D03776,N[C@@H](CCCNC(N)=N)C(O)=O.C[C@H](CS)C(=O)N1C[C@H](C[C@H]1C(O)=O)Sc1ccccc1
410,D03778,CC(C)C(C)NC(=O)CSC1=CC=C(C=C1)[N+](=O)[O-]
411,D03781,CCOC1=CC=CC2=C1OC(=C2)C(C)NC(=O)CNC(=O)CC34CC5CC(C3)CC(C5)C4
412,D03784,Cl.Clc1cccc(C(c2ccc3[nH]cnc3c2)n2ccnc2)c1
413,D03787,CC1=CC(=CC(=C1)N2C=CN=C2SCC(=O)N(C)CCC#N)C
414,D03788,CC(C)(C)C(=O)Oc1ccc(S(=O)(=O)Nc2ccccc2C(=O)NCC(=O)O)cc1
415,D03798,OC1=C(CC2=C(O)C3=C(OC2=O)C=CC=C3)C(=O)OC2=C1C=CC=C2
416,D03803,CN(CC1=CC=C(C=C1)OC)C(=O)NC2=CN=CC=C2
417,D03805,O=C1CC2(C(=O)N1)C(=O)N(Cc1ccc(Br)cc1F)C(=O)c1ccc(F)cc12
418,D03806,O=C(O)Cc1nn(Cc2ccc(Br)cc2F)c(=O)c2ccccc12
419,D03807,O=C(O)Cn1c(=O)n(Cc2ccc(Br)cc2F)c(=O)c2ccc(Cl)cc21
420,D03816,CCC(C)(C)C(=O)O[C@H]1C[C@@H](C)C=C2C=C[C@H](C)[C@H](CC[C@@H](O)C[C@@H](O)CC(=O)[O-])[C@H]21.CCC(C)(C)C(=O)O[C@H]1C[C@@H](C)C=C2C=C[C@H](C)[C@H](CC[C@@H](O)C[C@@H](O)CC(=O)[O-])[C@H]21.[Ca+2]
421,D03822,CCN(C)C(=O)OC1=CC=CC(=C1)[C@H](C)N(C)C
422,D03823,CN1CC[C@@]2(C)c3cc(OC(=O)N4CCc5ccccc5C4)ccc3N(C)[C@@H]12
423,D03826,CNC(=O)Oc1ccc2c(c1)[C@]1(C)CCN(C)[C@@H]1N2C.CNC(=O)Oc1ccc2c(c1)[C@]1(C)CCN(C)[C@@H]1N2C.O=S(=O)(O)O
424,D03828,Nc1nc2[nH]cc(CCc3ccc(C(=O)N[C@@H](CCC(=O)[O-])C(=O)[O-])cc3)c2c(=O)[nH]1.[Na+].[Na+]
425,D03829,O.O.O.O.CCC(CC)[C@H](NC(C)=O)[C@@H]1[C@H](O)[C@H](C[C@H]1NC(N)=N)C(O)=O
426,D03845,CC(C)CN[C@H]1CCS(=O)(=O)c2sc(S(N)(=O)=O)cc21.Cl
427,D03882,CC1=C(C)C(=O)C(CCCCC#CCCCC#CCO)=C(C)C1=O
428,D03899,COC1=CC=CC2=C1C(=O)C1=C(O)C3=C(C[C@](O)(C[C@@H]3O[C@H]3C[C@H](N)[C@H](O)[C@H](C)O3)C(=O)CO)C(O)=C1C2=O
429,D04023,[H+].[Cl-].COCCOc1cc2ncnc(Nc3cccc(c3)C#C)c2cc1OCCOC
430,D04024,CS(=O)(=O)CCNCC1=CC=C(O1)C1=CC2=C(C=C1)N=CN=C2NC1=CC(Cl)=C(OCC2=CC(F)=CC=C2)C=C1
431,D04025,FC(F)(F)c1ccc(/C=C/c2nc(COc3ccc(CCCCn4ccnn4)cc3)co2)cc1
432,D04028,[C@@]1(OC([C@]1(CCCCCC)[H])=O)(C[C@H](CCCCCCCCCCC)OC([C@@H](NC(=O)[H])CC(C)C)=O)[H]
433,D04029,CN(C)Cc1nccn1-c1ccc(NC(=O)c2cc(C(F)(F)F)nn2-c2ccc3onc(N)c3c2)c(F)c1.Cl
434,D04031,CC[C@@]1(O)C(=O)OCC2=C1C=C1N(CC3=C1N=C1C=CC=C(C1=C3)[N+]([O-])=O)C2=O
435,D04092,CCC(N)CC1=CNC2=CC=CC=C12
436,D04197,OC[C@H]1O[C@H](C[C@@H]1O)N1C=C(F)C(=O)NC1=O
437,D04292,[H][C@]12C[C@@H](O)C=C[C@]11CCN(C)CC3=C1C(O2)=C(OC)C=C3
438,D04966,CN(C)C(=N)NC(N)=N
439,D04983,CSCCC(N)C(O)=O
440,D05341,CCCCCCCCCCCCCCCC(O)=O
441,D05353,COC1=C(OC)C(CS(=O)C2=NC3=C(N2)C=C(OC(F)F)C=C3)=NC=C1
442,D05407,NC1=NC(=O)C2=C(N1)N(CCC(CO)CO)C=N2
443,D05458,CC(C)(N)CC1=CC=CC=C1
444,D06238,COC1=CC(NCC2=C(C)C3=C(C=C2)N=C(N)N=C3N)=CC(OC)=C1OC
